PK,State,Park,ParkVisitorCount_2016,ParkPctChange_2016,StateVisitorCount_2016,StatePctChange_2016,ParkVisitorCount_2015,ParkPctChange_2015,StateVisitorCount_2015,StatePctChange_2015,ParkVisitorCount_2014,ParkPctChange_2014,StateVisitorCount_2014,StatePctChange_2014
Alabama Horseshoe Bend NMP,Alabama,Horseshoe Bend NMP,83370.0,-6.62,1022696.0,29.05,89282.0,38.72,792477.0,5.22,64359.0,15.0,753178.0,0.44
Alabama Little River Canyon NPRES,Alabama,Little River Canyon NPRES,462700.0,86.47,1022696.0,29.05,248135.0,10.32,792477.0,5.22,224931.0,21.27,753178.0,0.44
Alabama Natchez Trace PKWY,Alabama,Natchez Trace PKWY,412392.0,1.82,1022696.0,29.05,405007.0,-1.04,792477.0,5.22,409253.0,-2.77,753178.0,0.44
Alabama Russell Cave NM,Alabama,Russell Cave NM,24649.0,26.86,1022696.0,29.05,19430.0,4.86,792477.0,5.22,18530.0,-9.42,753178.0,0.44
Alabama Tuskegee Airmen NHS,Alabama,Tuskegee Airmen NHS,31133.0,37.38,1022696.0,29.05,22662.0,-6.81,792477.0,5.22,24319.0,26.0,753178.0,0.44
Alabama Tuskegee Institute NHS,Alabama,Tuskegee Institute NHS,8452.0,6.17,1022696.0,29.05,7961.0,-32.45,792477.0,5.22,11786.0,-75.33,753178.0,0.44
Alaska Aniakchak NM & PRES,Alaska,Aniakchak NM & PRES,100.0,-34.64,2783011.0,4.46,153.0,14.18,2664293.0,-0.76,134.0,0.0,2684693.0,3.82
Alaska Bering Land Bridge NPRES,Alaska,Bering Land Bridge NPRES,2642.0,0.0,2783011.0,4.46,2642.0,0.23,2664293.0,-0.76,2636.0,-0.23,2684693.0,3.82
Alaska Cape Krusenstern NM,Alaska,Cape Krusenstern NM,15000.0,,2783011.0,4.46,0.0,,2664293.0,-0.76,0.0,-100.0,2684693.0,3.82
Alaska Denali NP & PRES,Alaska,Denali NP & PRES,587412.0,4.75,2783011.0,4.46,560757.0,5.54,2664293.0,-0.76,531315.0,0.07,2684693.0,3.82
Alaska Gates of the Arctic NP & PRES,Alaska,Gates of the Arctic NP & PRES,10047.0,-6.5,2783011.0,4.46,10745.0,-15.19,2664293.0,-0.76,12669.0,15.05,2684693.0,3.82
Alaska Glacier Bay NP & PRES,Alaska,Glacier Bay NP & PRES,520171.0,-5.66,2783011.0,4.46,551353.0,10.11,2664293.0,-0.76,500727.0,0.03,2684693.0,3.82
Alaska Katmai NP & PRES,Alaska,Katmai NP & PRES,37818.0,0.0,2783011.0,4.46,37818.0,22.4,2664293.0,-0.76,30896.0,6.66,2684693.0,3.82
Alaska Kenai Fjords NP,Alaska,Kenai Fjords NP,346534.0,16.8,2783011.0,4.46,296697.0,9.62,2664293.0,-0.76,270666.0,-4.53,2684693.0,3.82
Alaska Klondike Gold Rush NHP Alaska,Alaska,Klondike Gold Rush NHP Alaska,912351.0,-0.79,2783011.0,4.46,919661.0,-15.25,2664293.0,-0.76,1085202.0,16.92,2684693.0,3.82
Alaska Kobuk Valley NP,Alaska,Kobuk Valley NP,15500.0,,2783011.0,4.46,0.0,,2664293.0,-0.76,0.0,-100.0,2684693.0,3.82
Alaska Lake Clark NP & PRES,Alaska,Lake Clark NP & PRES,21102.0,18.43,2783011.0,4.46,17818.0,10.67,2664293.0,-0.76,16100.0,23.85,2684693.0,3.82
Alaska Noatak NPRES,Alaska,Noatak NPRES,17000.0,,2783011.0,4.46,0.0,,2664293.0,-0.76,0.0,-100.0,2684693.0,3.82
Alaska Sitka NHP,Alaska,Sitka NHP,217141.0,17.28,2783011.0,4.46,185150.0,17.71,2664293.0,-0.76,157297.0,-2.4,2684693.0,3.82
Alaska Wrangell-St. Elias NP & PRES,Alaska,Wrangell-St. Elias NP & PRES,79047.0,-1.64,2783011.0,4.46,80366.0,7.55,2664293.0,-0.76,74722.0,6.77,2684693.0,3.82
Alaska Yukon-Charley Rivers NPRES,Alaska,Yukon-Charley Rivers NPRES,1146.0,1.15,2783011.0,4.46,1133.0,-51.35,2664293.0,-0.76,2329.0,-40.5,2684693.0,3.82
Arizona Canyon de Chelly NM,Arizona,Canyon de Chelly NM,821406.0,0.95,12007544.0,2.37,813686.0,-1.7,11729985.0,9.14,827761.0,-0.09,10747219.0,6.37
Arizona Casa Grande Ruins NM,Arizona,Casa Grande Ruins NM,75752.0,4.33,12007544.0,2.37,72606.0,13.98,11729985.0,9.14,63698.0,-2.16,10747219.0,6.37
Arizona Chiricahua NM,Arizona,Chiricahua NM,51277.0,-9.98,12007544.0,2.37,56960.0,26.23,11729985.0,9.14,45125.0,11.02,10747219.0,6.37
Arizona Coronado NMEM,Arizona,Coronado NMEM,136075.0,2.63,12007544.0,2.37,132584.0,11.57,11729985.0,9.14,118838.0,27.87,10747219.0,6.37
Arizona Fort Bowie NHS,Arizona,Fort Bowie NHS,8013.0,3.26,12007544.0,2.37,7760.0,11.43,11729985.0,9.14,6964.0,-13.83,10747219.0,6.37
Arizona Glen Canyon NRA,Arizona,Glen Canyon NRA,259162.0,29.84,12007544.0,2.37,199607.0,5.35,11729985.0,9.14,189476.0,18.9,10747219.0,6.37
Arizona Grand Canyon NP,Arizona,Grand Canyon NP,5969811.0,8.13,12007544.0,2.37,5520736.0,16.06,11729985.0,9.14,4756771.0,4.2,10747219.0,6.37
Arizona Hubbell Trading Post NHS,Arizona,Hubbell Trading Post NHS,67276.0,1.44,12007544.0,2.37,66324.0,-18.6,11729985.0,9.14,81475.0,7.66,10747219.0,6.37
Arizona Lake Mead NRA,Arizona,Lake Mead NRA,1793973.0,-1.68,12007544.0,2.37,1824616.0,5.12,11729985.0,9.14,1735718.0,9.43,10747219.0,6.37
Arizona Montezuma Castle NM,Arizona,Montezuma Castle NM,392168.0,-5.87,12007544.0,2.37,416635.0,2.36,11729985.0,9.14,407017.0,4.61,10747219.0,6.37
Arizona Navajo NM,Arizona,Navajo NM,65705.0,-7.94,12007544.0,2.37,71370.0,8.5,11729985.0,9.14,65778.0,21.43,10747219.0,6.37
Arizona Organ Pipe Cactus NM,Arizona,Organ Pipe Cactus NM,234186.0,5.15,12007544.0,2.37,222723.0,-0.81,11729985.0,9.14,224548.0,8.55,10747219.0,6.37
Arizona Petrified Forest NP,Arizona,Petrified Forest NP,643274.0,-18.9,12007544.0,2.37,793225.0,-5.21,11729985.0,9.14,836799.0,29.81,10747219.0,6.37
Arizona Pipe Spring NM,Arizona,Pipe Spring NM,46710.0,-14.48,12007544.0,2.37,54619.0,-3.3,11729985.0,9.14,56484.0,10.5,10747219.0,6.37
Arizona Saguaro NP,Arizona,Saguaro NP,820426.0,8.89,12007544.0,2.37,753446.0,11.86,11729985.0,9.14,673572.0,-0.69,10747219.0,6.37
Arizona Sunset Crater Volcano NM,Arizona,Sunset Crater Volcano NM,60233.0,-66.94,12007544.0,2.37,182203.0,3.1,11729985.0,9.14,176723.0,-4.4,10747219.0,6.37
Arizona Tonto NM,Arizona,Tonto NM,38048.0,1.4,12007544.0,2.37,37523.0,3.2,11729985.0,9.14,36360.0,-8.26,10747219.0,6.37
Arizona Tumacacori NHP,Arizona,Tumacacori NHP,43829.0,3.99,12007544.0,2.37,42146.0,10.86,11729985.0,9.14,38017.0,20.95,10747219.0,6.37
Arizona Tuzigoot NM,Arizona,Tuzigoot NM,104604.0,10.03,12007544.0,2.37,95065.0,26.92,11729985.0,9.14,74903.0,-12.65,10747219.0,6.37
Arizona Walnut Canyon NM,Arizona,Walnut Canyon NM,152444.0,-0.57,12007544.0,2.37,153322.0,13.38,11729985.0,9.14,135230.0,7.95,10747219.0,6.37
Arizona Wupatki NM,Arizona,Wupatki NM,223172.0,4.86,12007544.0,2.37,212828.0,8.61,11729985.0,9.14,195962.0,2.66,10747219.0,6.37
Arkansas Arkansas Post NMEM,Arkansas,Arkansas Post NMEM,34405.0,-11.1,3787198.0,15.37,38702.0,25.41,3282634.0,4.78,30860.0,-15.27,3132898.0,12.85
Arkansas Buffalo NR,Arkansas,Buffalo NR,1785359.0,22.01,3787198.0,15.37,1463304.0,7.83,3282634.0,4.78,1357057.0,20.6,3132898.0,12.85
Arkansas Fort Smith NHS,Arkansas,Fort Smith NHS,163636.0,46.8,3787198.0,15.37,111469.0,25.54,3282634.0,4.78,88790.0,27.6,3132898.0,12.85
Arkansas Hot Springs NP,Arkansas,Hot Springs NP,1544300.0,8.89,3787198.0,15.37,1418162.0,-0.44,3282634.0,4.78,1424484.0,7.45,3132898.0,12.85
Arkansas Little Rock Central High School NHS,Arkansas,Little Rock Central High School NHS,129540.0,2.85,3787198.0,15.37,125956.0,8.67,3282634.0,4.78,115908.0,1.55,3132898.0,12.85
Arkansas Pea Ridge NMP,Arkansas,Pea Ridge NMP,119490.0,4.29,3787198.0,15.37,114578.0,9.45,3282634.0,4.78,104686.0,9.91,3132898.0,12.85
Arkansas President W.J. Clinton Birthplace Home NHS,Arkansas,President W.J. Clinton Birthplace Home NHS,10468.0,0.05,3787198.0,15.37,10463.0,-5.85,3282634.0,4.78,11113.0,12.96,3132898.0,12.85
California Cabrillo NM,California,Cabrillo NM,959145.0,-2.31,41977184.0,9.41,981825.0,9.89,38366824.0,2.69,893434.0,4.36,37363392.0,5.03
California Cesar E. Chavez NM,California,Cesar E. Chavez NM,17216.0,61.68,41977184.0,9.41,10648.0,20.26,38366824.0,2.69,8854.0,8.54,37363392.0,5.03
California Channel Islands NP,California,Channel Islands NP,364807.0,12.31,41977184.0,9.41,324816.0,-5.07,38366824.0,2.69,342161.0,61.37,37363392.0,5.03
California Death Valley NP,California,Death Valley NP,1296283.0,12.25,41977184.0,9.41,1154843.0,4.86,38366824.0,2.69,1101312.0,15.69,37363392.0,5.03
California Devils Postpile NM,California,Devils Postpile NM,135404.0,-3.5,41977184.0,9.41,140313.0,22.64,38366824.0,2.69,114414.0,24.64,37363392.0,5.03
California Eugene O'Neill NHS,California,Eugene O'Neill NHS,4287.0,8.75,41977184.0,9.41,3942.0,23.11,38366824.0,2.69,3202.0,9.32,37363392.0,5.03
California Fort Point NHS,California,Fort Point NHS,2264154.0,40.59,41977184.0,9.41,1610466.0,-3.99,38366824.0,2.69,1677457.0,5.41,37363392.0,5.03
California Golden Gate NRA,California,Golden Gate NRA,15638777.0,5.04,41977184.0,9.41,14888537.0,-0.77,38366824.0,2.69,15004420.0,5.01,37363392.0,5.03
California John Muir NHS,California,John Muir NHS,49376.0,15.87,41977184.0,9.41,42615.0,2.6,38366824.0,2.69,41535.0,9.95,37363392.0,5.03
California Joshua Tree NP,California,Joshua Tree NP,2505286.0,23.67,41977184.0,9.41,2025756.0,27.41,38366824.0,2.69,1589904.0,14.93,37363392.0,5.03
California Kings Canyon NP,California,Kings Canyon NP,607479.0,29.77,41977184.0,9.41,468106.0,-6.8,38366824.0,2.69,502268.0,-11.5,37363392.0,5.03
California Lassen Volcanic NP,California,Lassen Volcanic NP,536068.0,14.52,41977184.0,9.41,468092.0,8.11,38366824.0,2.69,432977.0,1.3,37363392.0,5.03
California Lava Beds NM,California,Lava Beds NM,127699.0,17.49,41977184.0,9.41,108687.0,-21.53,38366824.0,2.69,138499.0,31.41,37363392.0,5.03
California Manzanar NHS,California,Manzanar NHS,105307.0,10.47,41977184.0,9.41,95327.0,22.79,38366824.0,2.69,77633.0,0.16,37363392.0,5.03
California Mojave NPRES,California,Mojave NPRES,585635.0,-0.6,41977184.0,9.41,589155.0,6.24,38366824.0,2.69,554560.0,0.9,37363392.0,5.03
California Muir Woods NM,California,Muir Woods NM,1123121.0,2.11,41977184.0,9.41,1099923.0,4.81,38366824.0,2.69,1049400.0,9.99,37363392.0,5.03
California Pinnacles NP,California,Pinnacles NP,215555.0,4.37,41977184.0,9.41,206533.0,5.03,38366824.0,2.69,196635.0,-17.27,37363392.0,5.03
California Point Reyes NS,California,Point Reyes NS,2438442.0,-2.51,41977184.0,9.41,2501106.0,2.76,38366824.0,2.69,2433944.0,-7.87,37363392.0,5.03
California Port Chicago Naval Magazine NMEM,California,Port Chicago Naval Magazine NMEM,1942.0,101.66,41977184.0,9.41,963.0,22.52,38366824.0,2.69,786.0,31.88,37363392.0,5.03
California Redwood NP,California,Redwood NP,536297.0,1.74,41977184.0,9.41,527143.0,22.83,38366824.0,2.69,429166.0,9.1,37363392.0,5.03
California Rosie The Riveter WWII Home Front NHP,California,Rosie The Riveter WWII Home Front NHP,64425.0,14.31,41977184.0,9.41,56362.0,23.74,38366824.0,2.69,45549.0,44.54,37363392.0,5.03
California San Francisco Maritime NHP,California,San Francisco Maritime NHP,4334752.0,3.88,41977184.0,9.41,4173014.0,-1.97,38366824.0,2.69,4256888.0,2.47,37363392.0,5.03
California Santa Monica Mountains NRA,California,Santa Monica Mountains NRA,906606.0,13.73,41977184.0,9.41,797126.0,14.74,38366824.0,2.69,694714.0,9.74,37363392.0,5.03
California Sequoia NP,California,Sequoia NP,1254688.0,14.33,41977184.0,9.41,1097464.0,5.61,38366824.0,2.69,1039137.0,14.28,37363392.0,5.03
California Whiskeytown NRA,California,Whiskeytown NRA,875565.0,3.76,41977184.0,9.41,843845.0,-0.95,38366824.0,2.69,851901.0,9.78,37363392.0,5.03
California Yosemite NP,California,Yosemite NP,5028868.0,21.17,41977184.0,9.41,4150217.0,6.89,38366824.0,2.69,3882642.0,5.19,37363392.0,5.03
Colorado Bent's Old Fort NHS,Colorado,Bent's Old Fort NHS,31948.0,21.85,7457420.0,5.37,26219.0,6.78,7077287.0,17.33,24555.0,5.28,6031874.0,11.83
Colorado Black Canyon of the Gunnison NP,Colorado,Black Canyon of the Gunnison NP,238018.0,13.79,7457420.0,5.37,209166.0,14.27,7077287.0,17.33,183045.0,4.09,6031874.0,11.83
Colorado Colorado NM,Colorado,Colorado NM,391075.0,-33.49,7457420.0,5.37,588006.0,41.06,7077287.0,17.33,416862.0,1.83,6031874.0,11.83
Colorado Curecanti NRA,Colorado,Curecanti NRA,982498.0,4.0,7457420.0,5.37,944742.0,1.44,7077287.0,17.33,931367.0,14.4,6031874.0,11.83
Colorado Dinosaur NM,Colorado,Dinosaur NM,225191.0,4.29,7457420.0,5.37,215931.0,16.43,7077287.0,17.33,185463.0,-8.65,6031874.0,11.83
Colorado Florissant Fossil Beds NM,Colorado,Florissant Fossil Beds NM,73564.0,6.41,7457420.0,5.37,69130.0,9.22,7077287.0,17.33,63297.0,9.07,6031874.0,11.83
Colorado Great Sand Dunes NP & PRES,Colorado,Great Sand Dunes NP & PRES,388308.0,29.65,7457420.0,5.37,299513.0,10.21,7077287.0,17.33,271774.0,11.91,6031874.0,11.83
Colorado Hovenweep NM,Colorado,Hovenweep NM,18859.0,22.05,7457420.0,5.37,15451.0,30.99,7077287.0,17.33,11796.0,7.41,6031874.0,11.83
Colorado Mesa Verde NP,Colorado,Mesa Verde NP,583527.0,6.61,7457420.0,5.37,547325.0,9.12,7077287.0,17.33,501563.0,8.98,6031874.0,11.83
Colorado Rocky Mountain NP,Colorado,Rocky Mountain NP,4517585.0,8.7,7457420.0,5.37,4155916.0,21.0,7077287.0,17.33,3434751.0,14.83,6031874.0,11.83
Colorado Sand Creek Massacre NHS,Colorado,Sand Creek Massacre NHS,6847.0,16.31,7457420.0,5.37,5887.0,-20.47,7077287.0,17.33,7402.0,54.37,6031874.0,11.83
Connecticut Weir Farm NHS,Connecticut,Weir Farm NHS,39079.0,-17.24,39079.0,-17.24,47220.0,38.55,47220.0,38.55,34082.0,49.08,34082.0,49.08
Florida Big Cypress NPRES,Florida,Big Cypress NPRES,1102148.0,-0.91,10855364.0,2.02,1112290.0,-6.75,10639976.0,-0.26,1192856.0,18.36,10667459.0,3.74
Florida Biscayne NP,Florida,Biscayne NP,514709.0,1.29,10855364.0,2.02,508164.0,-3.34,10639976.0,-0.26,525745.0,7.99,10667459.0,3.74
Florida Canaveral NS,Florida,Canaveral NS,1629944.0,-3.54,10855364.0,2.02,1689754.0,16.44,10639976.0,-0.26,1451225.0,28.01,10667459.0,3.74
Florida Castillo de San Marcos NM,Florida,Castillo de San Marcos NM,854664.0,4.33,10855364.0,2.02,819154.0,7.68,10639976.0,-0.26,760708.0,-2.24,10667459.0,3.74
Florida De Soto NMEM,Florida,De Soto NMEM,232463.0,-20.84,10855364.0,2.02,293647.0,-14.15,10639976.0,-0.26,342039.0,22.19,10667459.0,3.74
Florida Dry Tortugas NP,Florida,Dry Tortugas NP,73661.0,3.95,10855364.0,2.02,70862.0,9.25,10639976.0,-0.26,64865.0,11.07,10667459.0,3.74
Florida Everglades NP,Florida,Everglades NP,930907.0,-13.6,10855364.0,2.02,1077427.0,-3.01,10639976.0,-0.26,1110901.0,6.09,10667459.0,3.74
Florida Fort Caroline NMEM,Florida,Fort Caroline NMEM,232082.0,3.42,10855364.0,2.02,224418.0,19.47,10639976.0,-0.26,187843.0,-38.83,10667459.0,3.74
Florida Fort Matanzas NM,Florida,Fort Matanzas NM,557810.0,-10.35,10855364.0,2.02,622175.0,9.44,10639976.0,-0.26,568529.0,8.56,10667459.0,3.74
Florida Gulf Islands NS,Florida,Gulf Islands NS,3578482.0,19.98,10855364.0,2.02,2982662.0,-10.74,10639976.0,-0.26,3341430.0,-7.91,10667459.0,3.74
Florida Timucuan EHP,Florida,Timucuan EHP,1148494.0,-7.34,10855364.0,2.02,1239423.0,10.53,10639976.0,-0.26,1121318.0,8.69,10667459.0,3.74
Georgia Andersonville NHS,Georgia,Andersonville NHS,134216.0,-1.81,7040865.0,-6.47,136686.0,7.47,7527855.0,0.49,127189.0,28.77,7491109.0,6.31
Georgia Chattahoochee River NRA,Georgia,Chattahoochee River NRA,2736385.0,-13.77,7040865.0,-6.47,3173204.0,1.73,7527855.0,0.49,3119160.0,2.61,7491109.0,6.31
Georgia Chickamauga & Chattanooga NMP,Georgia,Chickamauga & Chattanooga NMP,513869.0,2.53,7040865.0,-6.47,501187.0,0.57,7527855.0,0.49,498347.0,10.01,7491109.0,6.31
Georgia Cumberland Island NS,Georgia,Cumberland Island NS,61896.0,3.4,7040865.0,-6.47,59859.0,-2.51,7527855.0,0.49,61401.0,19.38,7491109.0,6.31
Georgia Fort Frederica NM,Georgia,Fort Frederica NM,192906.0,-4.59,7040865.0,-6.47,202191.0,-11.36,7527855.0,0.49,228103.0,4.84,7491109.0,6.31
Georgia Fort Pulaski NM,Georgia,Fort Pulaski NM,344921.0,-9.93,7040865.0,-6.47,382945.0,-1.05,7527855.0,0.49,387010.0,3.37,7491109.0,6.31
Georgia Jimmy Carter NHS,Georgia,Jimmy Carter NHS,66441.0,-2.0,7040865.0,-6.47,67797.0,9.25,7527855.0,0.49,62057.0,-8.0,7491109.0,6.31
Georgia Kennesaw Mountain NBP,Georgia,Kennesaw Mountain NBP,2360256.0,8.52,7040865.0,-6.47,2174870.0,2.64,7527855.0,0.49,2119013.0,10.13,7491109.0,6.31
"Georgia Martin Luther King, Jr. NHP",Georgia,"Martin Luther King, Jr. NHP",467715.0,-30.58,7040865.0,-6.47,673728.0,-12.05,7527855.0,0.49,766030.0,8.79,7491109.0,6.31
Georgia Ocmulgee Mounds NHP,Georgia,Ocmulgee Mounds NHP,162260.0,4.42,7040865.0,-6.47,155388.0,26.54,7527855.0,0.49,122799.0,6.04,7491109.0,6.31
Hawaii Haleakala NP,Hawaii,Haleakala NP,1263558.0,3.85,5786318.0,6.39,1216772.0,6.54,5439034.0,4.32,1142040.0,45.43,5213817.0,6.35
Hawaii Hawaii Volcanoes NP,Hawaii,Hawaii Volcanoes NP,1887580.0,3.0,5786318.0,6.39,1832660.0,8.25,5439034.0,4.32,1693005.0,6.94,5213817.0,6.35
Hawaii Kalaupapa NHP,Hawaii,Kalaupapa NHP,71527.0,5.36,5786318.0,6.39,67891.0,1.01,5439034.0,4.32,67210.0,-33.53,5213817.0,6.35
Hawaii Kaloko Honokohau NHP,Hawaii,Kaloko Honokohau NHP,185041.0,8.41,5786318.0,6.39,170683.0,10.69,5439034.0,4.32,154206.0,-2.48,5213817.0,6.35
Hawaii Pearl Harbor NMEM,Hawaii,Pearl Harbor NMEM,1819020.0,15.56,5786318.0,6.39,1574156.0,-2.88,5439034.0,4.32,1620814.0,-9.25,5213817.0,6.35
Hawaii Pu'uhonua o Honaunau NHP,Hawaii,Pu'uhonua o Honaunau NHP,421027.0,-3.72,5786318.0,6.39,437286.0,8.83,5439034.0,4.32,401808.0,10.6,5213817.0,6.35
Hawaii Pu'ukohola Heiau NHS,Hawaii,Pu'ukohola Heiau NHS,138565.0,-0.73,5786318.0,6.39,139586.0,3.6,5439034.0,4.32,134734.0,7.23,5213817.0,6.35
Idaho City of Rocks NRES,Idaho,City of Rocks NRES,107865.0,2.45,629191.0,4.56,105289.0,11.04,601777.0,8.68,94825.0,-0.09,553739.0,-9.87
Idaho Craters of the Moon NM & PRES,Idaho,Craters of the Moon NM & PRES,255436.0,3.49,629191.0,4.56,246826.0,14.81,601777.0,8.68,214993.0,7.22,553739.0,-9.87
Idaho Hagerman Fossil Beds NM,Idaho,Hagerman Fossil Beds NM,25982.0,5.21,629191.0,4.56,24695.0,9.84,601777.0,8.68,22482.0,7.02,553739.0,-9.87
Idaho Nez Perce NHP,Idaho,Nez Perce NHP,239908.0,6.64,629191.0,4.56,224967.0,1.59,601777.0,8.68,221439.0,-25.68,553739.0,-9.87
Illinois Lincoln Home NHS,Illinois,Lincoln Home NHS,239719.0,2.75,239719.0,2.75,233299.0,6.95,233299.0,6.95,218132.0,4.17,218132.0,4.17
Indiana George Rogers Clark NHP,Indiana,George Rogers Clark NHP,126095.0,-7.18,1949880.0,3.29,135856.0,8.5,1887762.0,6.15,125218.0,-2.58,1778385.0,-8.11
Indiana Indiana Dunes NP,Indiana,Indiana Dunes NP,1698223.0,3.54,1949880.0,3.29,1640195.0,5.59,1887762.0,6.15,1553372.0,-7.63,1778385.0,-8.11
Indiana Lincoln Boyhood NMEM,Indiana,Lincoln Boyhood NMEM,125562.0,12.4,1949880.0,3.29,111711.0,11.94,1887762.0,6.15,99795.0,-20.21,1778385.0,-8.11
Iowa Effigy Mounds NM,Iowa,Effigy Mounds NM,77195.0,-5.75,229577.0,9.82,81901.0,5.25,209055.0,-3.62,77812.0,9.48,216898.0,8.45
Iowa Herbert Hoover NHS,Iowa,Herbert Hoover NHS,152382.0,19.84,229577.0,9.82,127154.0,-8.58,209055.0,-3.62,139086.0,7.89,216898.0,8.45
Kansas Brown v. Board of Education NHS,Kansas,Brown v. Board of Education NHS,27968.0,10.38,121249.0,4.61,25338.0,-5.69,115903.0,17.56,26868.0,38.81,98591.0,7.25
Kansas Fort Larned NHS,Kansas,Fort Larned NHS,31060.0,-3.45,121249.0,4.61,32170.0,30.74,115903.0,17.56,24607.0,-10.3,98591.0,7.25
Kansas Fort Scott NHS,Kansas,Fort Scott NHS,29291.0,14.73,121249.0,4.61,25531.0,-1.68,115903.0,17.56,25966.0,0.75,98591.0,7.25
Kansas Nicodemus NHS,Kansas,Nicodemus NHS,3552.0,7.44,121249.0,4.61,3306.0,-2.02,115903.0,17.56,3374.0,4.1,98591.0,7.25
Kansas Tallgrass Prairie NPRES,Kansas,Tallgrass Prairie NPRES,29378.0,-0.61,121249.0,4.61,29558.0,66.28,115903.0,17.56,17776.0,10.22,98591.0,7.25
Kentucky Abraham Lincoln Birthplace NHP,Kentucky,Abraham Lincoln Birthplace NHP,252495.0,69.91,1882702.0,6.91,148605.0,-38.41,1760944.0,-3.68,241264.0,47.18,1828192.0,13.93
Kentucky Big South Fork NRRA,Kentucky,Big South Fork NRRA,280733.0,6.47,1882702.0,6.91,263685.0,7.21,1760944.0,-3.68,245961.0,6.17,1828192.0,13.93
Kentucky Cumberland Gap NHP,Kentucky,Cumberland Gap NHP,762960.0,-2.4,1882702.0,6.91,781759.0,-4.47,1760944.0,-3.68,818339.0,14.52,1828192.0,13.93
Kentucky Mammoth Cave NP,Kentucky,Mammoth Cave NP,586514.0,3.46,1882702.0,6.91,566895.0,8.47,1760944.0,-3.68,522628.0,5.68,1828192.0,13.93
Louisiana Cane River Creole NHP,Louisiana,Cane River Creole NHP,26863.0,-13.01,500797.0,1.23,30882.0,6.56,494688.0,-3.1,28981.0,13.4,510522.0,-18.19
Louisiana Jean Lafitte NHP & PRES,Louisiana,Jean Lafitte NHP & PRES,438420.0,8.09,500797.0,1.23,405618.0,-8.96,494688.0,-3.1,445524.0,11.35,510522.0,-18.19
Louisiana New Orleans Jazz NHP,Louisiana,New Orleans Jazz NHP,35514.0,-38.97,500797.0,1.23,58188.0,61.56,494688.0,-3.1,36017.0,-81.84,510522.0,-18.19
Maine Acadia NP,Maine,Acadia NP,3303393.0,17.51,3317250.0,17.48,2811184.0,9.68,2823741.0,9.67,2563129.0,13.67,2574717.0,13.64
Maine Saint Croix Island IHS,Maine,Saint Croix Island IHS,13857.0,10.35,3317250.0,17.48,12557.0,8.36,2823741.0,9.67,11588.0,8.21,2574717.0,13.64
Maryland Antietam NB,Maryland,Antietam NB,351911.0,1.36,6668215.0,3.49,347180.0,3.0,6443376.0,-5.46,337079.0,-9.1,6815195.0,3.02
Maryland Assateague Island NS,Maryland,Assateague Island NS,748381.0,-0.34,6668215.0,3.49,750950.0,4.83,6443376.0,-5.46,716325.0,5.54,6815195.0,3.02
Maryland Catoctin Mountain Park,Maryland,Catoctin Mountain Park,221750.0,-3.29,6668215.0,3.49,229301.0,21.86,6443376.0,-5.46,188170.0,7.39,6815195.0,3.02
Maryland Chesapeake & Ohio Canal NHP,Maryland,Chesapeake & Ohio Canal NHP,3657939.0,0.31,6668215.0,3.49,3646717.0,-5.29,6443376.0,-5.46,3850326.0,2.53,6815195.0,3.02
Maryland Clara Barton NHS,Maryland,Clara Barton NHS,0.0,-100.0,6668215.0,3.49,2823.0,-85.9,6443376.0,-5.46,20028.0,-11.91,6815195.0,3.02
Maryland Fort McHenry NM & HS,Maryland,Fort McHenry NM & HS,610987.0,-1.12,6668215.0,3.49,617890.0,-19.68,6443376.0,-5.46,769300.0,13.39,6815195.0,3.02
Maryland Fort Washington Park,Maryland,Fort Washington Park,560358.0,66.06,6668215.0,3.49,337433.0,-27.6,6443376.0,-5.46,466078.0,4.99,6815195.0,3.02
Maryland Greenbelt Park,Maryland,Greenbelt Park,137900.0,1.95,6668215.0,3.49,135260.0,1.94,6443376.0,-5.46,132688.0,-7.04,6815195.0,3.02
Maryland Hampton NHS,Maryland,Hampton NHS,34942.0,0.74,6668215.0,3.49,34685.0,6.73,6443376.0,-5.46,32498.0,0.73,6815195.0,3.02
Maryland Monocacy NB,Maryland,Monocacy NB,87547.0,35.53,6668215.0,3.49,64596.0,14.97,6443376.0,-5.46,56187.0,49.25,6815195.0,3.02
Maryland National Capital Parks East,Maryland,National Capital Parks East,122467.0,0.35,6668215.0,3.49,122040.0,-6.98,6443376.0,-5.46,131200.0,20.18,6815195.0,3.02
Maryland Piscataway Park,Maryland,Piscataway Park,123381.0,-17.04,6668215.0,3.49,148729.0,35.86,6443376.0,-5.46,109473.0,-32.42,6815195.0,3.02
Maryland Thomas Stone NHS,Maryland,Thomas Stone NHS,10652.0,84.55,6668215.0,3.49,5772.0,-1.22,6443376.0,-5.46,5843.0,-2.83,6815195.0,3.02
Massachusetts Adams NHP,Massachusetts,Adams NHP,199301.0,8.53,10127182.0,7.74,183632.0,2.89,9399919.0,-4.58,178468.0,-37.49,9850586.0,1.78
Massachusetts Boston African American NHS,Massachusetts,Boston African American NHS,414170.0,0.43,10127182.0,7.74,412377.0,0.91,9399919.0,-4.58,408641.0,5.84,9850586.0,1.78
Massachusetts Boston NHP,Massachusetts,Boston NHP,2594495.0,14.66,10127182.0,7.74,2262841.0,-8.61,9399919.0,-4.58,2476078.0,10.25,9850586.0,1.78
Massachusetts Cape Cod NS,Massachusetts,Cape Cod NS,4692796.0,4.21,10127182.0,7.74,4503220.0,1.73,9399919.0,-4.58,4426750.0,-1.67,9850586.0,1.78
Massachusetts Frederick Law Olmsted NHS,Massachusetts,Frederick Law Olmsted NHS,8935.0,-5.68,10127182.0,7.74,9473.0,9.3,9399919.0,-4.58,8667.0,31.92,9850586.0,1.78
Massachusetts John F. Kennedy NHS,Massachusetts,John F. Kennedy NHS,25467.0,37.77,10127182.0,7.74,18485.0,-29.64,9399919.0,-4.58,26273.0,52.1,9850586.0,1.78
Massachusetts Longfellow House Washington's HQ NHS,Massachusetts,Longfellow House Washington's HQ NHS,49697.0,-2.14,10127182.0,7.74,50784.0,9.52,9399919.0,-4.58,46371.0,14.34,9850586.0,1.78
Massachusetts Lowell NHP,Massachusetts,Lowell NHP,541825.0,2.03,10127182.0,7.74,531055.0,3.21,9399919.0,-4.58,514524.0,-0.63,9850586.0,1.78
Massachusetts Minute Man NHP,Massachusetts,Minute Man NHP,1049414.0,8.82,10127182.0,7.74,964330.0,-8.73,9399919.0,-4.58,1056549.0,11.46,9850586.0,1.78
Massachusetts New Bedford Whaling NHP,Massachusetts,New Bedford Whaling NHP,145500.0,-13.28,10127182.0,7.74,167790.0,-38.48,9399919.0,-4.58,272731.0,-1.32,9850586.0,1.78
Massachusetts Salem Maritime NHS,Massachusetts,Salem Maritime NHS,371989.0,40.49,10127182.0,7.74,264780.0,-34.42,9399919.0,-4.58,403758.0,-5.29,9850586.0,1.78
Massachusetts Saugus Iron Works NHS,Massachusetts,Saugus Iron Works NHS,11159.0,19.64,10127182.0,7.74,9327.0,-16.58,9399919.0,-4.58,11181.0,37.12,9850586.0,1.78
Massachusetts Springfield Armory NHS,Massachusetts,Springfield Armory NHS,22434.0,2.79,10127182.0,7.74,21825.0,5.97,9399919.0,-4.58,20595.0,15.82,9850586.0,1.78
Michigan Isle Royale NP,Michigan,Isle Royale NP,24966.0,33.62,2702934.0,13.25,18684.0,28.32,2386613.0,19.74,14560.0,-10.53,1993139.0,0.2
Michigan Keweenaw NHP,Michigan,Keweenaw NHP,14612.0,,2702934.0,13.25,,,,,,,,
Michigan Pictured Rocks NL,Michigan,Pictured Rocks NL,777428.0,7.5,2702934.0,13.25,723178.0,36.99,2386613.0,19.74,527897.0,-8.26,1993139.0,0.2
Michigan River Raisin NBP,Michigan,River Raisin NBP,202375.0,85.46,2702934.0,13.25,109118.0,97.39,2386613.0,19.74,55281.0,-3.8,1993139.0,0.2
Michigan Sleeping Bear Dunes NL,Michigan,Sleeping Bear Dunes NL,1683553.0,9.63,2702934.0,13.25,1535633.0,10.05,2386613.0,19.74,1395401.0,4.13,1993139.0,0.2
Minnesota Grand Portage NM,Minnesota,Grand Portage NM,95862.0,4.48,1016336.0,20.99,91751.0,3.23,840008.0,3.5,88877.0,0.31,811616.0,23.28
Minnesota Mississippi NRRA,Minnesota,Mississippi NRRA,256944.0,101.31,1016336.0,20.99,127635.0,49.04,840008.0,3.5,85637.0,-14.46,811616.0,23.28
Minnesota Pipestone NM,Minnesota,Pipestone NM,67489.0,-4.61,1016336.0,20.99,70748.0,13.83,840008.0,3.5,62151.0,-4.03,811616.0,23.28
Minnesota Saint Croix NSR,Minnesota,Saint Croix NSR,354129.0,13.66,1016336.0,20.99,311561.0,-7.22,840008.0,3.5,335791.0,95.83,811616.0,23.28
Minnesota Voyageurs NP,Minnesota,Voyageurs NP,241912.0,1.51,1016336.0,20.99,238313.0,-0.35,840008.0,3.5,239160.0,2.47,811616.0,23.28
Mississippi Gulf Islands NS,Mississippi,Gulf Islands NS,1192827.0,19.98,6618913.0,4.08,994221.0,-10.74,6359646.0,-3.01,1113810.0,-7.91,6557120.0,-3.35
Mississippi Natchez NHP,Mississippi,Natchez NHP,204120.0,-0.1,6618913.0,4.08,204332.0,-5.08,6359646.0,-3.01,215257.0,12.64,6557120.0,-3.35
Mississippi Natchez Trace PKWY,Mississippi,Natchez Trace PKWY,4713052.0,1.82,6618913.0,4.08,4628650.0,-1.04,6359646.0,-3.01,4677179.0,-2.77,6557120.0,-3.35
Mississippi Vicksburg NMP,Mississippi,Vicksburg NMP,508914.0,-4.42,6618913.0,4.08,532444.0,-3.35,6359646.0,-3.01,550874.0,-4.0,6557120.0,-3.35
Missouri Gateway Arch NP,Missouri,Gateway Arch NP,1271855.0,-25.13,2824117.0,-13.03,1698656.0,-6.52,3247219.0,-4.09,1817091.0,-23.56,3385772.0,-12.94
Missouri George Washington Carver NM,Missouri,George Washington Carver NM,46397.0,22.92,2824117.0,-13.03,37745.0,-9.12,3247219.0,-4.09,41535.0,25.63,3385772.0,-12.94
Missouri Harry S Truman NHS,Missouri,Harry S Truman NHS,34616.0,5.46,2824117.0,-13.03,32825.0,11.79,3247219.0,-4.09,29364.0,1.34,3385772.0,-12.94
Missouri Ozark NSR,Missouri,Ozark NSR,1241480.0,-2.85,2824117.0,-13.03,1277941.0,-1.43,3247219.0,-4.09,1296437.0,3.41,3385772.0,-12.94
Missouri Ulysses S. Grant NHS,Missouri,Ulysses S. Grant NHS,46071.0,17.99,2824117.0,-13.03,39048.0,-3.08,3247219.0,-4.09,40287.0,4.36,3385772.0,-12.94
Missouri Wilson's Creek NB,Missouri,Wilson's Creek NB,183698.0,14.1,2824117.0,-13.03,161004.0,-0.03,3247219.0,-4.09,161058.0,2.38,3385772.0,-12.94
Montana Big Hole NB,Montana,Big Hole NB,41795.0,5.68,5655262.0,13.84,39549.0,6.93,4967752.0,8.22,36987.0,-2.9,4590398.0,7.21
Montana Bighorn Canyon NRA,Montana,Bighorn Canyon NRA,140122.0,5.84,5655262.0,13.84,132393.0,9.41,4967752.0,8.22,121005.0,-7.22,4590398.0,7.21
Montana Glacier NP,Montana,Glacier NP,2946681.0,24.54,5655262.0,13.84,2366056.0,1.18,4967752.0,8.22,2338528.0,6.76,4590398.0,7.21
Montana Grant-Kohrs Ranch NHS,Montana,Grant-Kohrs Ranch NHS,23176.0,4.68,5655262.0,13.84,22139.0,7.65,4967752.0,8.22,20565.0,9.11,4590398.0,7.21
Montana Little Bighorn Battlefield NM,Montana,Little Bighorn Battlefield NM,332328.0,4.58,5655262.0,13.84,317782.0,12.91,4967752.0,8.22,281436.0,1.28,4590398.0,7.21
Montana Yellowstone NP,Montana,Yellowstone NP,2171160.0,3.89,5655262.0,13.84,2089832.0,16.63,4967752.0,8.22,1791877.0,10.21,4590398.0,7.21
Nebraska Agate Fossil Beds NM,Nebraska,Agate Fossil Beds NM,15555.0,17.27,307208.0,5.48,13264.0,6.62,291235.0,14.57,12440.0,18.43,254198.0,-1.44
Nebraska Homestead NM of America,Nebraska,Homestead NM of America,87755.0,11.45,307208.0,5.48,78739.0,13.86,291235.0,14.57,69156.0,2.61,254198.0,-1.44
Nebraska Niobrara NSR,Nebraska,Niobrara NSR,73813.0,8.37,307208.0,5.48,68110.0,27.44,291235.0,14.57,53443.0,-25.65,254198.0,-1.44
Nebraska Scotts Bluff NM,Nebraska,Scotts Bluff NM,130085.0,-0.79,307208.0,5.48,131122.0,10.04,291235.0,14.57,119159.0,10.2,254198.0,-1.44
Nevada Death Valley NP,Nevada,Death Valley NP,,,5526764.0,-1.13,,,5589972.0,5.18,,,5314681.0,9.55
Nevada Great Basin NP,Nevada,Great Basin NP,144846.0,24.73,5526764.0,-1.13,116123.0,8.0,5589972.0,5.18,107526.0,15.75,5314681.0,9.55
Nevada Lake Mead NRA,Nevada,Lake Mead NRA,5381918.0,-1.68,5526764.0,-1.13,5473849.0,5.12,5589972.0,5.18,5207155.0,9.43,5314681.0,9.55
New Hampshire Saint-Gaudens NHP,New Hampshire,Saint-Gaudens NHP,42377.0,7.99,42377.0,7.99,39242.0,3.86,39242.0,3.86,37785.0,-0.14,37785.0,-0.14
New Jersey Delaware Water Gap NRA,New Jersey,Delaware Water Gap NRA,2611198.0,-1.54,4829258.0,14.83,2651945.0,-7.58,4205734.0,-4.19,2869587.0,-16.55,4389637.0,-12.71
New Jersey Gateway NRA,New Jersey,Gateway NRA,1730354.0,35.34,4829258.0,14.83,1278513.0,6.16,4205734.0,-4.19,1204343.0,-2.74,4389637.0,-12.71
New Jersey Morristown NHP,New Jersey,Morristown NHP,252514.0,15.32,4829258.0,14.83,218959.0,-17.17,4205734.0,-4.19,264363.0,-13.31,4389637.0,-12.71
New Jersey Paterson Great Falls NHP,New Jersey,Paterson Great Falls NHP,177498.0,,4829258.0,14.83,,,,,,,,
New Jersey Thomas Edison NHP,New Jersey,Thomas Edison NHP,57694.0,2.45,4829258.0,14.83,56317.0,9.69,4205734.0,-4.19,51344.0,10.0,4389637.0,-12.71
New Mexico Aztec Ruins NM,New Mexico,Aztec Ruins NM,57692.0,8.52,1872044.0,9.18,53165.0,18.88,1714677.0,7.03,44721.0,8.25,1602114.0,5.92
New Mexico Bandelier NM,New Mexico,Bandelier NM,198478.0,14.02,1872044.0,9.18,174073.0,33.79,1714677.0,7.03,130106.0,2.7,1602114.0,5.92
New Mexico Capulin Volcano NM,New Mexico,Capulin Volcano NM,60132.0,8.33,1872044.0,9.18,55506.0,9.07,1714677.0,7.03,50892.0,5.01,1602114.0,5.92
New Mexico Carlsbad Caverns NP,New Mexico,Carlsbad Caverns NP,466773.0,4.72,1872044.0,9.18,445720.0,12.18,1714677.0,7.03,397309.0,2.25,1602114.0,5.92
New Mexico Chaco Culture NHP,New Mexico,Chaco Culture NHP,54084.0,38.98,1872044.0,9.18,38914.0,1.38,1714677.0,7.03,38386.0,28.31,1602114.0,5.92
New Mexico El Malpais NM,New Mexico,El Malpais NM,157440.0,-9.74,1872044.0,9.18,174433.0,6.32,1714677.0,7.03,164063.0,18.97,1602114.0,5.92
New Mexico El Morro NM,New Mexico,El Morro NM,59422.0,20.31,1872044.0,9.18,49390.0,6.78,1714677.0,7.03,46256.0,15.49,1602114.0,5.92
New Mexico Fort Union NM,New Mexico,Fort Union NM,11953.0,1.94,1872044.0,9.18,11726.0,7.24,1714677.0,7.03,10934.0,21.96,1602114.0,5.92
New Mexico Gila Cliff Dwellings NM,New Mexico,Gila Cliff Dwellings NM,41519.0,13.69,1872044.0,9.18,36518.0,17.29,1714677.0,7.03,31135.0,11.9,1602114.0,5.92
New Mexico Manhattan Project NHP,New Mexico,Manhattan Project NHP,12452.0,,1872044.0,9.18,,,,,,,,
New Mexico Pecos NHP,New Mexico,Pecos NHP,39715.0,31.38,1872044.0,9.18,30229.0,-20.98,1714677.0,7.03,38256.0,18.13,1602114.0,5.92
New Mexico Petroglyph NM,New Mexico,Petroglyph NM,124177.0,5.39,1872044.0,9.18,117825.0,1.7,1714677.0,7.03,115859.0,0.68,1602114.0,5.92
New Mexico Salinas Pueblo Missions NM,New Mexico,Salinas Pueblo Missions NM,32414.0,9.24,1872044.0,9.18,29672.0,-2.83,1714677.0,7.03,30537.0,22.95,1602114.0,5.92
New Mexico White Sands NP,New Mexico,White Sands NP,555793.0,11.72,1872044.0,9.18,497506.0,-1.22,1714677.0,7.03,503660.0,2.67,1602114.0,5.92
New York African Burial Ground NM,New York,African Burial Ground NM,46526.0,-17.43,18904528.0,15.78,56348.0,2.71,16328212.0,1.16,54861.0,-41.16,16141397.0,46.92
New York Castle Clinton NM,New York,Castle Clinton NM,4812930.0,4.7,18904528.0,15.78,4597029.0,-2.75,16328212.0,1.16,4727110.0,116.77,16141397.0,46.92
New York Eleanor Roosevelt NHS,New York,Eleanor Roosevelt NHS,63480.0,-2.02,18904528.0,15.78,64791.0,7.17,16328212.0,1.16,60456.0,38.39,16141397.0,46.92
New York Federal Hall NMEM,New York,Federal Hall NMEM,314531.0,82.83,18904528.0,15.78,172038.0,25.08,16328212.0,1.16,137538.0,-7.47,16141397.0,46.92
New York Fire Island NS,New York,Fire Island NS,431303.0,-2.4,18904528.0,15.78,441899.0,14.98,16328212.0,1.16,384343.0,30.63,16141397.0,46.92
New York Fort Stanwix NM,New York,Fort Stanwix NM,94006.0,8.45,18904528.0,15.78,86678.0,42.52,16328212.0,1.16,60819.0,-52.89,16141397.0,46.92
New York Gateway NRA,New York,Gateway NRA,6921416.0,35.34,18904528.0,15.78,5114052.0,6.16,16328212.0,1.16,4817370.0,-2.74,16141397.0,46.92
New York General Grant NMEM,New York,General Grant NMEM,109151.0,14.26,18904528.0,15.78,95526.0,-5.06,16328212.0,1.16,100622.0,20.59,16141397.0,46.92
New York Governors Island NM,New York,Governors Island NM,522859.0,19.21,18904528.0,15.78,438613.0,-37.18,16328212.0,1.16,698227.0,96.38,16141397.0,46.92
New York Hamilton Grange NMEM,New York,Hamilton Grange NMEM,85348.0,140.78,18904528.0,15.78,35446.0,69.25,16328212.0,1.16,20943.0,2.52,16141397.0,46.92
New York Home of Franklin D. Roosevelt NHS,New York,Home of Franklin D. Roosevelt NHS,193272.0,7.13,18904528.0,15.78,180405.0,0.59,16328212.0,1.16,179340.0,21.82,16141397.0,46.92
New York Martin Van Buren NHS,New York,Martin Van Buren NHS,22100.0,19.16,18904528.0,15.78,18547.0,-3.34,16328212.0,1.16,19187.0,18.23,16141397.0,46.92
New York Sagamore Hill NHS,New York,Sagamore Hill NHS,53920.0,27.39,18904528.0,15.78,42326.0,119.09,16328212.0,1.16,19319.0,31.97,16141397.0,46.92
New York Saint Paul's Church NHS,New York,Saint Paul's Church NHS,20830.0,21.25,18904528.0,15.78,17180.0,4.37,16328212.0,1.16,16460.0,17.44,16141397.0,46.92
New York Saratoga NHP,New York,Saratoga NHP,102808.0,58.14,18904528.0,15.78,65010.0,10.61,16328212.0,1.16,58773.0,8.11,16141397.0,46.92
New York Statue of Liberty NM,New York,Statue of Liberty NM,4501547.0,5.2,18904528.0,15.78,4279020.0,1.91,16328212.0,1.16,4198815.0,122.92,16141397.0,46.92
New York Theodore Roosevelt Birthplace NHS,New York,Theodore Roosevelt Birthplace NHS,6582.0,-1.54,18904528.0,15.78,6685.0,-68.26,16328212.0,1.16,21065.0,12.79,16141397.0,46.92
New York Theodore Roosevelt Inaugural NHS,New York,Theodore Roosevelt Inaugural NHS,29199.0,17.28,18904528.0,15.78,24896.0,13.04,16328212.0,1.16,22025.0,14.73,16141397.0,46.92
New York Upper Delaware S&RR,New York,Upper Delaware S&RR,132181.0,8.68,18904528.0,15.78,121623.0,5.37,16328212.0,1.16,115423.0,1.04,16141397.0,46.92
New York Vanderbilt Mansion NHS,New York,Vanderbilt Mansion NHS,387856.0,-10.21,18904528.0,15.78,431961.0,8.41,16328212.0,1.16,398447.0,6.95,16141397.0,46.92
New York Women's Rights NHP,New York,Women's Rights NHP,52683.0,38.13,18904528.0,15.78,38139.0,26.06,16328212.0,1.16,30254.0,0.39,16141397.0,46.92
North Carolina Blue Ridge PKWY,North Carolina,Blue Ridge PKWY,9408858.0,0.8,18493719.0,3.7,9333854.0,7.98,17834699.0,6.73,8643884.0,8.27,16710759.0,3.55
North Carolina Cape Hatteras NS,North Carolina,Cape Hatteras NS,2411711.0,6.03,18493719.0,3.7,2274635.0,5.63,17834699.0,6.73,2153350.0,-2.76,16710759.0,3.55
North Carolina Cape Lookout NS,North Carolina,Cape Lookout NS,458000.0,14.38,18493719.0,3.7,400413.0,-7.08,17834699.0,6.73,430927.0,3.45,16710759.0,3.55
North Carolina Carl Sandburg Home NHS,North Carolina,Carl Sandburg Home NHS,80696.0,11.14,18493719.0,3.7,72606.0,-11.86,17834699.0,6.73,82377.0,0.82,16710759.0,3.55
North Carolina Fort Raleigh NHS,North Carolina,Fort Raleigh NHS,292367.0,0.86,18493719.0,3.7,289885.0,9.4,17834699.0,6.73,264987.0,0.53,16710759.0,3.55
North Carolina Great Smoky Mountains NP,North Carolina,Great Smoky Mountains NP,4977626.0,5.6,18493719.0,3.7,4713577.0,6.07,17834699.0,6.73,4443681.0,7.96,16710759.0,3.55
North Carolina Guilford Courthouse NMP,North Carolina,Guilford Courthouse NMP,321796.0,44.56,18493719.0,3.7,222602.0,28.48,17834699.0,6.73,173261.0,-68.01,16710759.0,3.55
North Carolina Moores Creek NB,North Carolina,Moores Creek NB,83889.0,-6.73,18493719.0,3.7,89944.0,2.47,17834699.0,6.73,87774.0,21.35,16710759.0,3.55
North Carolina Wright Brothers NMEM,North Carolina,Wright Brothers NMEM,458776.0,4.94,18493719.0,3.7,437184.0,1.55,17834699.0,6.73,430517.0,-3.86,16710759.0,3.55
North Dakota Fort Union Trading Post NHS,North Dakota,Fort Union Trading Post NHS,17502.0,28.64,784710.0,29.7,13605.0,18.09,605015.0,3.98,11521.0,-10.75,581851.0,1.64
North Dakota Knife River Indian Villages NHS,North Dakota,Knife River Indian Villages NHS,13328.0,17.15,784710.0,29.7,11377.0,5.83,605015.0,3.98,10750.0,-25.74,581851.0,1.64
North Dakota Theodore Roosevelt NP,North Dakota,Theodore Roosevelt NP,753880.0,29.97,784710.0,29.7,580033.0,3.66,605015.0,3.98,559580.0,2.66,581851.0,1.64
Ohio Charles Young Buffalo Soldiers NM,Ohio,Charles Young Buffalo Soldiers NM,10211.0,155.72,2818683.0,7.41,3993.0,,2624146.0,6.23,,,,
Ohio Cuyahoga Valley NP,Ohio,Cuyahoga Valley NP,2423390.0,6.07,2818683.0,7.41,2284612.0,4.33,2624146.0,6.23,2189849.0,4.13,2470177.0,2.71
Ohio Dayton Aviation Heritage NHP,Ohio,Dayton Aviation Heritage NHP,95334.0,29.55,2818683.0,7.41,73588.0,27.83,2624146.0,6.23,57565.0,-2.88,2470177.0,2.71
Ohio First Ladies NHS,Ohio,First Ladies NHS,13378.0,3.73,2818683.0,7.41,12897.0,-15.85,2624146.0,6.23,15326.0,52.22,2470177.0,2.71
Ohio Hopewell Culture NHP,Ohio,Hopewell Culture NHP,58058.0,33.2,2818683.0,7.41,43587.0,19.64,2624146.0,6.23,36432.0,13.12,2470177.0,2.71
Ohio James A. Garfield NHS,Ohio,James A. Garfield NHS,45437.0,85.41,2818683.0,7.41,24506.0,36.48,2624146.0,6.23,17956.0,-14.61,2470177.0,2.71
Ohio Perry's Victory & Intl. Peace MEM,Ohio,Perry's Victory & Intl. Peace MEM,142152.0,-9.21,2818683.0,7.41,156578.0,20.97,2624146.0,6.23,129440.0,-18.2,2470177.0,2.71
Ohio William Howard Taft NHS,Ohio,William Howard Taft NHS,30723.0,25.99,2818683.0,7.41,24385.0,3.29,2624146.0,6.23,23609.0,11.88,2470177.0,2.71
Oklahoma Chickasaw NRA,Oklahoma,Chickasaw NRA,1676421.0,33.67,1688733.0,33.37,1254105.0,8.86,1266172.0,8.66,1152083.0,4.77,1165269.0,5.16
Oklahoma Washita Battlefield NHS,Oklahoma,Washita Battlefield NHS,12312.0,2.03,1688733.0,33.37,12067.0,-8.49,1266172.0,8.66,13186.0,56.34,1165269.0,5.16
Oregon Crater Lake NP,Oregon,Crater Lake NP,756344.0,23.04,1328643.0,15.12,614712.0,14.79,1154108.0,11.7,535508.0,2.39,1033254.0,6.63
Oregon John Day Fossil Beds NM,Oregon,John Day Fossil Beds NM,210110.0,7.05,1328643.0,15.12,196277.0,7.01,1154108.0,11.7,183420.0,17.36,1033254.0,6.63
Oregon Lewis & Clark NHP,Oregon,Lewis & Clark NHP,281576.0,4.13,1328643.0,15.12,270410.0,10.41,1154108.0,11.7,244921.0,12.86,1033254.0,6.63
Oregon Oregon Caves NM & PRES,Oregon,Oregon Caves NM & PRES,80613.0,10.87,1328643.0,15.12,72709.0,4.76,1154108.0,11.7,69405.0,-4.55,1033254.0,6.63
Pennsylvania Allegheny Portage Railroad NHS,Pennsylvania,Allegheny Portage Railroad NHS,189371.0,12.43,11070572.0,11.43,168433.0,-2.57,9935361.0,10.33,172883.0,60.11,9005244.0,-1.45
Pennsylvania Delaware Water Gap NRA,Pennsylvania,Delaware Water Gap NRA,1066546.0,-1.54,11070572.0,11.43,1083189.0,-7.58,9935361.0,10.33,1172085.0,-16.55,9005244.0,-1.45
Pennsylvania Edgar Allan Poe NHS,Pennsylvania,Edgar Allan Poe NHS,14827.0,6.96,11070572.0,11.43,13862.0,1.18,9935361.0,10.33,13701.0,132.85,9005244.0,-1.45
Pennsylvania Eisenhower NHS,Pennsylvania,Eisenhower NHS,55550.0,2.16,11070572.0,11.43,54377.0,-6.63,9935361.0,10.33,58240.0,-1.59,9005244.0,-1.45
Pennsylvania Flight 93 NMEM,Pennsylvania,Flight 93 NMEM,385123.0,14.21,11070572.0,11.43,337217.0,18.64,9935361.0,10.33,284226.0,6.88,9005244.0,-1.45
Pennsylvania Fort Necessity NB,Pennsylvania,Fort Necessity NB,290021.0,3.32,11070572.0,11.43,280705.0,27.86,9935361.0,10.33,219546.0,32.93,9005244.0,-1.45
Pennsylvania Friendship Hill NHS,Pennsylvania,Friendship Hill NHS,37847.0,9.11,11070572.0,11.43,34687.0,1.08,9935361.0,10.33,34317.0,-0.16,9005244.0,-1.45
Pennsylvania Gettysburg NMP,Pennsylvania,Gettysburg NMP,1091320.0,1.03,11070572.0,11.43,1080185.0,5.83,9935361.0,10.33,1020702.0,-15.88,9005244.0,-1.45
Pennsylvania Hopewell Furnace NHS,Pennsylvania,Hopewell Furnace NHS,54167.0,5.69,11070572.0,11.43,51252.0,6.54,9935361.0,10.33,48105.0,4.26,9005244.0,-1.45
Pennsylvania Independence NHP,Pennsylvania,Independence NHP,5067510.0,17.53,11070572.0,11.43,4311582.0,18.19,9935361.0,10.33,3648050.0,2.67,9005244.0,-1.45
Pennsylvania Johnstown Flood NMEM,Pennsylvania,Johnstown Flood NMEM,154931.0,-5.2,11070572.0,11.43,163431.0,15.62,9935361.0,10.33,141354.0,15.94,9005244.0,-1.45
Pennsylvania Steamtown NHS,Pennsylvania,Steamtown NHS,99660.0,11.24,11070572.0,11.43,89592.0,6.33,9935361.0,10.33,84257.0,3.8,9005244.0,-1.45
Pennsylvania Thaddeus Kosciuszko NMEM,Pennsylvania,Thaddeus Kosciuszko NMEM,2794.0,121.57,11070572.0,11.43,1261.0,-14.51,9935361.0,10.33,1475.0,-12.31,9005244.0,-1.45
Pennsylvania Upper Delaware S&RR,Pennsylvania,Upper Delaware S&RR,132181.0,8.68,11070572.0,11.43,121623.0,5.37,9935361.0,10.33,115423.0,1.04,9005244.0,-1.45
Pennsylvania Valley Forge NHP,Pennsylvania,Valley Forge NHP,2428724.0,13.28,11070572.0,11.43,2143965.0,7.69,9935361.0,10.33,1990881.0,1.43,9005244.0,-1.45
Rhode Island Roger Williams NMEM,Rhode Island,Roger Williams NMEM,65588.0,8.4,65588.0,8.4,60505.0,17.43,60505.0,17.43,51523.0,5.85,51523.0,5.85
South Carolina Charles Pinckney NHS,South Carolina,Charles Pinckney NHS,53184.0,13.17,1680015.0,10.58,46995.0,-12.14,1519259.0,-0.03,53486.0,13.06,1519746.0,0.24
South Carolina Congaree NP,South Carolina,Congaree NP,143843.0,64.37,1680015.0,10.58,87513.0,-27.15,1519259.0,-0.03,120122.0,-0.18,1519746.0,0.24
South Carolina Cowpens NB,South Carolina,Cowpens NB,213299.0,3.17,1680015.0,10.58,206740.0,2.94,1519259.0,-0.03,200836.0,-7.12,1519746.0,0.24
South Carolina Fort Sumter and Fort Moultrie NHP,South Carolina,Fort Sumter and Fort Moultrie NHP,888330.0,5.66,1680015.0,10.58,840711.0,1.47,1519259.0,-0.03,828521.0,1.66,1519746.0,0.24
South Carolina Kings Mountain NMP,South Carolina,Kings Mountain NMP,263357.0,2.44,1680015.0,10.58,257077.0,2.38,1519259.0,-0.03,251093.0,1.4,1519746.0,0.24
South Carolina Ninety Six NHS,South Carolina,Ninety Six NHS,118002.0,47.09,1680015.0,10.58,80223.0,22.13,1519259.0,-0.03,65688.0,-5.65,1519746.0,0.24
South Dakota Badlands NP,South Dakota,Badlands NP,996263.0,0.7,4464251.0,1.51,989354.0,13.97,4397785.0,13.9,868094.0,-2.72,3861090.0,-1.4
South Dakota Jewel Cave NM,South Dakota,Jewel Cave NM,137275.0,17.89,4464251.0,1.51,116444.0,11.59,4397785.0,13.9,104348.0,6.2,3861090.0,-1.4
South Dakota Minuteman Missile NHS,South Dakota,Minuteman Missile NHS,133895.0,33.24,4464251.0,1.51,100488.0,61.93,4397785.0,13.9,62058.0,-18.62,3861090.0,-1.4
South Dakota Missouri NRR,South Dakota,Missouri NRR,148210.0,2.21,4464251.0,1.51,145004.0,7.6,4397785.0,13.9,134760.0,-20.59,3861090.0,-1.4
South Dakota Mount Rushmore NMEM,South Dakota,Mount Rushmore NMEM,2431231.0,-0.13,4464251.0,1.51,2434297.0,13.5,4397785.0,13.9,2144808.0,-0.84,3861090.0,-1.4
South Dakota Wind Cave NP,South Dakota,Wind Cave NP,617377.0,0.85,4464251.0,1.51,612198.0,11.91,4397785.0,13.9,547022.0,5.98,3861090.0,-1.4
Tennessee Andrew Johnson NHS,Tennessee,Andrew Johnson NHS,45937.0,1.28,9401902.0,7.16,45357.0,5.82,8773891.0,3.58,42863.0,-0.15,8470460.0,4.7
Tennessee Big South Fork NRRA,Tennessee,Big South Fork NRRA,403982.0,6.47,9401902.0,7.16,379450.0,7.21,8773891.0,3.58,353945.0,6.17,8470460.0,4.7
Tennessee Chickamauga & Chattanooga NMP,Tennessee,Chickamauga & Chattanooga NMP,513869.0,2.53,9401902.0,7.16,501187.0,0.57,8773891.0,3.58,498347.0,10.01,8470460.0,4.7
Tennessee Fort Donelson NB,Tennessee,Fort Donelson NB,259343.0,-0.54,9401902.0,7.16,260744.0,-0.6,8773891.0,3.58,262317.0,5.89,8470460.0,4.7
Tennessee Great Smoky Mountains NP,Tennessee,Great Smoky Mountains NP,6335160.0,5.6,9401902.0,7.16,5999097.0,6.07,8773891.0,3.58,5655595.0,7.96,8470460.0,4.7
Tennessee Manhattan Project NHP,Tennessee,Manhattan Project NHP,78275.0,,9401902.0,7.16,,,,,,,,
Tennessee Natchez Trace PKWY,Tennessee,Natchez Trace PKWY,765871.0,1.82,9401902.0,7.16,752156.0,-1.04,8773891.0,3.58,760042.0,-2.77,8470460.0,4.7
Tennessee Obed W&SR,Tennessee,Obed W&SR,231390.0,7.9,9401902.0,7.16,214441.0,-0.61,8773891.0,3.58,215767.0,8.77,8470460.0,4.7
Tennessee Shiloh NMP,Tennessee,Shiloh NMP,421862.0,18.32,9401902.0,7.16,356535.0,-12.85,8773891.0,3.58,409086.0,-23.71,8470460.0,4.7
Tennessee Stones River NB,Tennessee,Stones River NB,346213.0,30.68,9401902.0,7.16,264925.0,-2.78,8773891.0,3.58,272499.0,5.52,8470460.0,4.7
Texas Alibates Flint Quarries NM,Texas,Alibates Flint Quarries NM,8153.0,-14.11,5432749.0,7.69,9492.0,110.33,5044926.0,7.79,4513.0,190.23,4680387.0,34.41
Texas Amistad NRA,Texas,Amistad NRA,1164530.0,-6.84,5432749.0,7.69,1250051.0,10.61,5044926.0,7.79,1130096.0,10.24,4680387.0,34.41
Texas Big Bend NP,Texas,Big Bend NP,388290.0,1.71,5432749.0,7.69,381747.0,21.54,5044926.0,7.79,314102.0,-0.9,4680387.0,34.41
Texas Big Thicket NPRES,Texas,Big Thicket NPRES,192809.0,53.23,5432749.0,7.69,125832.0,14.44,5044926.0,7.79,109956.0,-8.45,4680387.0,34.41
Texas Chamizal NMEM,Texas,Chamizal NMEM,147937.0,20.83,5432749.0,7.69,122431.0,12.94,5044926.0,7.79,108399.0,-11.1,4680387.0,34.41
Texas Fort Davis NHS,Texas,Fort Davis NHS,61823.0,10.49,5432749.0,7.69,55955.0,12.26,5044926.0,7.79,49842.0,15.17,4680387.0,34.41
Texas Guadalupe Mountains NP,Texas,Guadalupe Mountains NP,181839.0,7.26,5432749.0,7.69,169535.0,1.6,5044926.0,7.79,166868.0,14.55,4680387.0,34.41
Texas Lake Meredith NRA,Texas,Lake Meredith NRA,1025613.0,23.36,5432749.0,7.69,831374.0,20.11,5044926.0,7.79,692195.0,24.88,4680387.0,34.41
Texas Lyndon B. Johnson NHP,Texas,Lyndon B. Johnson NHP,140303.0,12.26,5432749.0,7.69,124979.0,41.34,5044926.0,7.79,88427.0,7.35,4680387.0,34.41
Texas Padre Island NS,Texas,Padre Island NS,634012.0,8.78,5432749.0,7.69,582839.0,0.7,5044926.0,7.79,578815.0,12.21,4680387.0,34.41
Texas Palo Alto Battlefield NHP,Texas,Palo Alto Battlefield NHP,58556.0,22.33,5432749.0,7.69,47866.0,15.3,5044926.0,7.79,41516.0,27.66,4680387.0,34.41
Texas Rio Grande W&SR,Texas,Rio Grande W&SR,463.0,285.83,5432749.0,7.69,120.0,-62.62,5044926.0,7.79,321.0,-54.34,4680387.0,34.41
Texas San Antonio Missions NHP,Texas,San Antonio Missions NHP,1358911.0,2.78,5432749.0,7.69,1322154.0,-5.24,5044926.0,7.79,1395337.0,167.46,4680387.0,34.41
Texas Waco Mammoth NM,Texas,Waco Mammoth NM,69510.0,238.23,5432749.0,7.69,20551.0,,5044926.0,7.79,,,,
Utah Arches NP,Utah,Arches NP,1585718.0,13.33,14409740.0,21.2,1399247.0,8.91,11889390.0,12.68,1284767.0,18.65,10551040.0,17.48
Utah Bryce Canyon NP,Utah,Bryce Canyon NP,2365110.0,35.47,14409740.0,21.2,1745804.0,21.6,11889390.0,12.68,1435741.0,9.44,10551040.0,17.48
Utah Canyonlands NP,Utah,Canyonlands NP,776218.0,22.31,14409740.0,21.2,634607.0,16.99,11889390.0,12.68,542431.0,17.35,10551040.0,17.48
Utah Capitol Reef NP,Utah,Capitol Reef NP,1064904.0,13.16,14409740.0,21.2,941029.0,19.65,11889390.0,12.68,786514.0,18.51,10551040.0,17.48
Utah Cedar Breaks NM,Utah,Cedar Breaks NM,899676.0,13.37,14409740.0,21.2,793601.0,4.02,11889390.0,12.68,762907.0,63.56,10551040.0,17.48
Utah Dinosaur NM,Utah,Dinosaur NM,79121.0,4.29,14409740.0,21.2,75868.0,16.43,11889390.0,12.68,65163.0,-8.65,10551040.0,17.48
Utah Glen Canyon NRA,Utah,Glen Canyon NRA,2980363.0,29.84,14409740.0,21.2,2295486.0,5.35,11889390.0,12.68,2178976.0,18.9,10551040.0,17.48
Utah Golden Spike NHP,Utah,Golden Spike NHP,60027.0,1.49,14409740.0,21.2,59147.0,34.04,11889390.0,12.68,44125.0,8.4,10551040.0,17.48
Utah Hovenweep NM,Utah,Hovenweep NM,24003.0,22.05,14409740.0,21.2,19666.0,30.99,11889390.0,12.68,15012.0,7.41,10551040.0,17.48
Utah Natural Bridges NM,Utah,Natural Bridges NM,101843.0,7.43,14409740.0,21.2,94797.0,8.81,11889390.0,12.68,87119.0,5.82,10551040.0,17.48
Utah Rainbow Bridge NM,Utah,Rainbow Bridge NM,86369.0,11.78,14409740.0,21.2,77270.0,22.83,11889390.0,12.68,62910.0,14.86,10551040.0,17.48
Utah Timpanogos Cave NM,Utah,Timpanogos Cave NM,91261.0,-12.27,14409740.0,21.2,104023.0,8.72,11889390.0,12.68,95679.0,4.83,10551040.0,17.48
Utah Zion NP,Utah,Zion NP,4295127.0,17.71,14409740.0,21.2,3648846.0,14.39,11889390.0,12.68,3189696.0,13.62,10551040.0,17.48
Vermont Marsh-Billings-Rockefeller NHP,Vermont,Marsh-Billings-Rockefeller NHP,55716.0,59.17,55716.0,59.17,35003.0,-10.45,35003.0,-10.45,39086.0,14.58,39086.0,14.58
Virginia Appomattox Court House NHP,Virginia,Appomattox Court House NHP,303139.0,-26.54,27092480.0,16.53,412640.0,48.02,23249802.0,1.66,278776.0,-12.24,22870531.0,3.84
Virginia Arlington House The R.E. Lee MEM,Virginia,Arlington House The R.E. Lee MEM,1057500.0,98.76,27092480.0,16.53,532050.0,-20.78,23249802.0,1.66,671638.0,14.51,22870531.0,3.84
Virginia Assateague Island NS,Virginia,Assateague Island NS,1519440.0,-0.34,27092480.0,16.53,1524656.0,4.83,23249802.0,1.66,1454356.0,5.54,22870531.0,3.84
Virginia Blue Ridge PKWY,Virginia,Blue Ridge PKWY,5766720.0,0.8,27092480.0,16.53,5720749.0,7.98,23249802.0,1.66,5297865.0,8.27,22870531.0,3.84
Virginia Booker T. Washington NM,Virginia,Booker T. Washington NM,23440.0,-13.84,27092480.0,16.53,27205.0,4.13,23249802.0,1.66,26127.0,18.21,22870531.0,3.84
Virginia Colonial NHP,Virginia,Colonial NHP,3352656.0,0.26,27092480.0,16.53,3343909.0,0.27,23249802.0,1.66,3335060.0,5.25,22870531.0,3.84
Virginia Cumberland Gap NHP,Virginia,Cumberland Gap NHP,57427.0,-2.4,27092480.0,16.53,58842.0,-4.47,23249802.0,1.66,61595.0,14.52,22870531.0,3.84
Virginia Fredericksburg & Spotsylvania NMP,Virginia,Fredericksburg & Spotsylvania NMP,969895.0,8.74,27092480.0,16.53,891917.0,2.13,23249802.0,1.66,873328.0,-0.79,22870531.0,3.84
Virginia George Washington Birthplace NM,Virginia,George Washington Birthplace NM,129750.0,-0.92,27092480.0,16.53,130952.0,-0.78,23249802.0,1.66,131984.0,0.23,22870531.0,3.84
Virginia George Washington MEM PKWY,Virginia,George Washington MEM PKWY,10323339.0,41.68,27092480.0,16.53,7286463.0,-2.49,23249802.0,1.66,7472150.0,1.52,22870531.0,3.84
Virginia LBJ Memorial Grove on the Potomac,Virginia,LBJ Memorial Grove on the Potomac,260234.0,11.75,27092480.0,16.53,232882.0,-8.37,23249802.0,1.66,254167.0,-13.84,22870531.0,3.84
Virginia Maggie L. Walker NHS,Virginia,Maggie L. Walker NHS,9589.0,26.35,27092480.0,16.53,7589.0,-16.1,23249802.0,1.66,9045.0,28.97,22870531.0,3.84
Virginia Manassas NBP,Virginia,Manassas NBP,534835.0,6.53,27092480.0,16.53,502045.0,-2.35,23249802.0,1.66,514140.0,-4.59,22870531.0,3.84
Virginia Petersburg NB,Virginia,Petersburg NB,191898.0,-0.39,27092480.0,16.53,192655.0,-6.28,23249802.0,1.66,205572.0,8.15,22870531.0,3.84
Virginia Prince William Forest Park,Virginia,Prince William Forest Park,344435.0,10.36,27092480.0,16.53,312109.0,-0.94,23249802.0,1.66,315072.0,1.87,22870531.0,3.84
Virginia Richmond NBP,Virginia,Richmond NBP,208969.0,13.46,27092480.0,16.53,184175.0,2.57,23249802.0,1.66,179552.0,18.72,22870531.0,3.84
Virginia Shenandoah NP,Virginia,Shenandoah NP,1437341.0,8.74,27092480.0,16.53,1321873.0,5.3,23249802.0,1.66,1255321.0,10.45,22870531.0,3.84
Virginia Theodore Roosevelt Island,Virginia,Theodore Roosevelt Island,164360.0,2.89,27092480.0,16.53,159740.0,9.04,23249802.0,1.66,146500.0,-9.9,22870531.0,3.84
Virginia Wolf Trap NP for the Performing Arts,Virginia,Wolf Trap NP for the Performing Arts,437513.0,7.4,27092480.0,16.53,407351.0,4.91,23249802.0,1.66,388283.0,-11.99,22870531.0,3.84
Washington Fort Vancouver NHS,Washington,Fort Vancouver NHS,1092031.0,33.39,8522006.0,11.04,818672.0,1.86,7674514.0,0.29,803740.0,9.57,7652073.0,4.15
Washington Klondike Gold Rush NHP Seattle,Washington,Klondike Gold Rush NHP Seattle,69435.0,15.01,8522006.0,11.04,60372.0,-2.66,7674514.0,0.29,62022.0,0.13,7652073.0,4.15
Washington Lake Chelan NRA,Washington,Lake Chelan NRA,45514.0,41.41,8522006.0,11.04,32186.0,-8.98,7674514.0,0.29,35360.0,-5.24,7652073.0,4.15
Washington Lake Roosevelt NRA,Washington,Lake Roosevelt NRA,1253571.0,7.07,8522006.0,11.04,1170843.0,-0.85,7674514.0,0.29,1180898.0,-5.86,7652073.0,4.15
Washington Manhattan Project NHP,Washington,Manhattan Project NHP,13987.0,,8522006.0,11.04,,,,,,,,
Washington Mount Rainier NP,Washington,Mount Rainier NP,1356913.0,9.67,8522006.0,11.04,1237231.0,-2.14,7674514.0,0.29,1264259.0,10.07,7652073.0,4.15
Washington North Cascades NP,Washington,North Cascades NP,28646.0,38.54,8522006.0,11.04,20677.0,-13.36,7674514.0,0.29,23865.0,10.37,7652073.0,4.15
Washington Olympic NP,Washington,Olympic NP,3390221.0,3.87,8522006.0,11.04,3263761.0,0.61,7674514.0,0.29,3243872.0,5.14,7652073.0,4.15
Washington Ross Lake NRA,Washington,Ross Lake NRA,905418.0,17.19,8522006.0,11.04,772579.0,8.72,7674514.0,0.29,710612.0,-2.11,7652073.0,4.15
Washington San Juan Island NHP,Washington,San Juan Island NHP,316122.0,22.21,8522006.0,11.04,258668.0,-3.82,7674514.0,0.29,268946.0,21.72,7652073.0,4.15
Washington Whitman Mission NHS,Washington,Whitman Mission NHS,50148.0,26.88,8522006.0,11.04,39525.0,-32.43,7674514.0,0.29,58499.0,1.41,7652073.0,4.15
West Virginia Bluestone NSR,West Virginia,Bluestone NSR,34139.0,-7.06,1683649.0,4.98,36733.0,-4.47,1603753.0,4.02,38450.0,6.02,1541805.0,2.85
West Virginia Gauley River NRA,West Virginia,Gauley River NRA,115888.0,9.98,1683649.0,4.98,105374.0,-10.21,1603753.0,4.02,117354.0,-13.27,1541805.0,2.85
West Virginia Harpers Ferry NHP,West Virginia,Harpers Ferry NHP,335691.0,18.66,1683649.0,4.98,282893.0,8.3,1603753.0,4.02,261202.0,2.15,1541805.0,2.85
West Virginia New River Gorge NP & PRES,West Virginia,New River Gorge NP & PRES,1197931.0,1.63,1683649.0,4.98,1178753.0,4.8,1603753.0,4.02,1124799.0,4.94,1541805.0,2.85
Wisconsin Apostle Islands NL,Wisconsin,Apostle Islands NL,183796.0,-21.0,537925.0,-1.16,232662.0,-19.79,544223.0,-13.04,290059.0,95.25,625850.0,95.56
Wisconsin Saint Croix NSR,Wisconsin,Saint Croix NSR,354129.0,13.66,537925.0,-1.16,311561.0,-7.22,544223.0,-13.04,335791.0,95.83,625850.0,95.56
Wyoming Bighorn Canyon NRA,Wyoming,Bighorn Canyon NRA,119363.0,5.84,7461666.0,2.91,112780.0,9.41,7250657.0,13.51,103078.0,-7.22,6387455.0,5.06
Wyoming Devils Tower NM,Wyoming,Devils Tower NM,496210.0,3.63,7461666.0,2.91,478833.0,8.61,7250657.0,13.51,440875.0,5.64,6387455.0,5.06
Wyoming Fort Laramie NHS,Wyoming,Fort Laramie NHS,57444.0,11.29,7461666.0,2.91,51616.0,5.26,7250657.0,13.51,49038.0,-9.28,6387455.0,5.06
Wyoming Fossil Butte NM,Wyoming,Fossil Butte NM,20737.0,7.48,7461666.0,2.91,19293.0,16.06,7250657.0,13.51,16623.0,-5.88,6387455.0,5.06
Wyoming Grand Teton NP,Wyoming,Grand Teton NP,3270076.0,3.81,7461666.0,2.91,3149921.0,12.84,7250657.0,13.51,2791392.0,3.82,6387455.0,5.06
"Wyoming John D. Rockefeller, Jr. MEM PKWY",Wyoming,"John D. Rockefeller, Jr. MEM PKWY",1411819.0,-1.29,7461666.0,2.91,1430337.0,13.08,7250657.0,13.51,1264842.0,2.96,6387455.0,5.06
Wyoming Yellowstone NP,Wyoming,Yellowstone NP,2086017.0,3.89,7461666.0,2.91,2007878.0,16.63,7250657.0,13.51,1721607.0,10.21,6387455.0,5.06
